"tag","decibels"
"2015_3_16_10",-3.38203485238298
"2015_3_16_13",-5.58247916228952
"2015_3_16_9",-4.12829779228203
"2015_3_17_11",-7.53294922378648
"2015_3_17_12",-3.24496135365265
"2015_3_17_9",-2.11312580434436
"2015_4_20_11",-4.23606700731468
"2015_4_20_13",-0.049989847289011
"2015_4_20_9",-2.26476176124046
"2015_4_22_10",-6.12104608499282
"2015_4_22_13",0.422344433189484
"2015_4_22_8",-9.23846905018567
"2015_4_28_12",0.723823103435359